id,LastName,FirstName,Gender,FavoriteColor,DateOfBirth
1,Fox,Heather,Female,Turquoise,1989-10-02T17:16:00Z
2,Powell,Rebecca,Female,Khaki,1973-02-02T05:47:17Z
3,Fisher,Maria,Female,Pink,1987-01-23T03:31:32Z
4,Reyes,Theresa,Female,Turquoise,1988-08-04T14:43:28Z
5,Weaver,Eugene,Male,Pink,1973-10-25T20:43:32Z
6,Reyes,Maria,Female,Red,1989-04-26T06:34:49Z
7,Pierce,Diane,Female,Red,1974-08-08T18:07:47Z
8,Phillips,Catherine,Female,Khaki,1974-05-04T20:14:13Z
9,Willis,Keith,Male,Crimson,1988-06-11T22:19:06Z
10,Fowler,Diane,Female,Violet,1994-08-15T10:52:40Z
11,Ferguson,Anna,Female,Orange,1975-07-15T05:52:25Z
12,Bowman,Jack,Male,Mauv,1985-08-27T07:55:41Z
13,Hawkins,Dennis,Male,Puce,1991-11-20T11:02:14Z
14,Chapman,Sara,Female,Maroon,1995-09-02T06:45:46Z
15,Gordon,Evelyn,Female,Fuscia,1973-08-09T20:39:49Z
16,George,Walter,Male,Yellow,1989-10-15T11:45:35Z
17,Robinson,Virginia,Female,Crimson,1996-03-16T22:35:05Z
18,Green,Phillip,Male,Khaki,1971-11-14T01:00:12Z
19,Harvey,Andrea,Female,Red,1983-10-29T22:50:54Z
20,Ford,Deborah,Female,Green,1973-01-25T01:45:46Z
21,Foster,Benjamin,Male,Pink,1974-04-27T02:18:19Z
22,Bennett,Janice,Female,Blue,1978-11-16T10:52:50Z
23,Graham,Ruby,Female,Red,1978-04-05T09:24:12Z
24,Mills,Louis,Male,Maroon,1986-04-22T20:11:42Z
25,Carter,Paula,Female,Aquamarine,1981-06-20T09:55:13Z
26,Morales,Mary,Female,Teal,1990-04-29T05:33:27Z
27,Murphy,Doris,Female,Goldenrod,1990-02-14T01:40:47Z
28,Barnes,Frank,Male,Pink,1990-02-09T00:27:42Z
29,Lewis,Keith,Male,Violet,1986-10-17T18:32:28Z
30,Price,Philip,Male,Purple,1974-12-13T08:01:38Z
31,Torres,Bobby,Male,Puce,1991-11-02T14:21:21Z
32,Owens,Christine,Female,Aquamarine,1970-10-20T17:43:23Z
33,Simmons,Irene,Female,Fuscia,1986-08-29T20:10:05Z
34,Garcia,William,Male,Orange,1994-06-25T13:32:54Z
35,Crawford,Nicholas,Male,Purple,1991-05-18T04:31:55Z
36,Washington,Helen,Female,Indigo,1975-05-12T23:20:38Z
37,Freeman,Frances,Female,Aquamarine,1987-08-19T00:47:39Z
38,Hall,Fred,Male,Red,1992-05-01T22:18:57Z
39,Fuller,Harold,Male,Khaki,1979-07-30T00:45:38Z
40,Marshall,Jessica,Female,Crimson,1995-11-07T06:07:39Z
41,Ward,Stephanie,Female,Khaki,1989-09-06T21:29:20Z
42,Wheeler,Cynthia,Female,Red,1978-02-25T17:10:52Z
43,Stone,Donna,Female,Orange,1987-03-18T06:10:34Z
44,Parker,Ronald,Male,Orange,1980-08-08T12:40:16Z
45,Simmons,Earl,Male,Puce,1981-09-06T06:00:10Z
46,Thomas,Todd,Male,Yellow,1976-10-15T17:08:02Z
47,Payne,Linda,Female,Aquamarine,1973-10-12T22:10:34Z
48,Lewis,Jennifer,Female,Puce,1982-03-31T23:55:25Z
49,Hart,Gerald,Male,Teal,1984-06-27T14:46:22Z
50,Sims,Joseph,Male,Goldenrod,1995-03-30T06:58:10Z
51,Bowman,Kathy,Female,Teal,1989-05-06T10:16:06Z
52,Freeman,Dennis,Male,Violet,1981-06-26T23:49:03Z
53,Nguyen,Eric,Male,Pink,1979-12-06T13:01:56Z
54,Bryant,Raymond,Male,Puce,1971-10-06T12:50:23Z
55,Stephens,Joshua,Male,Crimson,1985-08-30T06:06:01Z
56,Moreno,Betty,Female,Turquoise,1996-01-30T00:53:34Z
57,Alvarez,Phillip,Male,Turquoise,1990-09-05T16:50:17Z
58,Sanders,Dorothy,Female,Maroon,1988-09-14T11:53:00Z
59,Thomas,Joshua,Male,Orange,1994-07-07T15:38:46Z
60,Murray,Carolyn,Female,Fuscia,1990-12-23T22:25:59Z
61,Lee,Paula,Female,Orange,1983-01-31T21:06:07Z
62,Hicks,Eugene,Male,Indigo,1976-02-17T19:28:58Z
63,Simpson,Norma,Female,Fuscia,1987-06-25T05:55:02Z
64,Gonzalez,Clarence,Male,Blue,1971-01-18T09:15:58Z
65,Hernandez,Melissa,Female,Goldenrod,1988-08-08T10:52:48Z
66,Coleman,Timothy,Male,Purple,1991-03-10T23:37:48Z
67,Simpson,Diana,Female,Mauv,1995-11-04T12:19:38Z
68,Butler,Irene,Female,Puce,1974-08-14T12:46:27Z
69,Nelson,Gloria,Female,Crimson,1980-04-04T08:24:56Z
70,Wright,Edward,Male,Mauv,1995-05-05T01:49:51Z
71,Barnes,Raymond,Male,Yellow,1973-07-03T14:05:05Z
72,Morrison,Andrea,Female,Purple,1974-08-30T11:19:02Z
73,Gutierrez,Laura,Female,Fuscia,1977-04-18T06:19:29Z
74,Franklin,Helen,Female,Crimson,1995-02-07T06:13:00Z
75,Williamson,Wanda,Female,Violet,1984-01-15T20:59:25Z
76,Taylor,Russell,Male,Yellow,1970-11-08T23:44:19Z
77,Hamilton,Benjamin,Male,Fuscia,1994-10-05T07:45:12Z
78,Rose,Kathy,Female,Aquamarine,1990-02-03T18:04:54Z
79,Taylor,Jerry,Male,Khaki,1980-06-19T14:39:40Z
80,Fox,Juan,Male,Purple,1978-12-12T13:27:53Z
81,Fuller,Roger,Male,Violet,1988-01-12T06:06:39Z
82,Jackson,Kathleen,Female,Fuscia,1978-11-19T06:34:05Z
83,Bowman,Ann,Female,Khaki,1972-11-13T06:15:11Z
84,Romero,Marilyn,Female,Orange,1976-06-11T06:40:16Z
85,Bradley,Bonnie,Female,Crimson,1984-05-15T19:51:03Z
86,Henry,Jean,Female,Teal,1971-10-06T03:59:07Z
87,Moore,Lori,Female,Purple,1974-11-30T15:41:40Z
88,Hill,Ruby,Female,Pink,1987-09-22T19:01:30Z
89,Stewart,Marie,Female,Khaki,1980-02-09T23:54:56Z
90,Banks,Jessica,Female,Blue,1978-02-12T15:41:01Z
91,Montgomery,John,Male,Mauv,1984-01-03T00:35:39Z
92,Baker,Dorothy,Female,Blue,1990-10-16T09:42:42Z
93,Riley,Shawn,Male,Blue,1981-03-02T10:42:02Z
94,Nguyen,Kathleen,Female,Crimson,1980-12-29T23:49:30Z
95,Davis,Ronald,Male,Maroon,1989-07-16T12:23:20Z
96,Reyes,Billy,Male,Orange,1995-09-15T03:27:05Z
97,Foster,Russell,Male,Goldenrod,1989-06-15T01:19:02Z
98,Anderson,Sean,Male,Fuscia,1979-11-09T10:51:04Z
99,Ruiz,Anne,Female,Purple,1979-03-15T10:07:18Z
100,Gordon,Richard,Male,Crimson,1992-04-05T16:26:09Z
101,Hudson,Michelle,Female,Violet,1986-10-29T07:03:22Z
102,Stone,Linda,Female,Mauv,1987-10-23T23:36:32Z
103,Kim,Arthur,Male,Violet,1989-12-25T12:59:38Z
104,Palmer,Phillip,Male,Turquoise,1989-02-25T16:08:09Z
105,Johnston,Nicholas,Male,Goldenrod,1989-07-15T07:04:21Z
106,Oliver,Gerald,Male,Puce,1982-08-29T07:49:03Z
107,Knight,Phillip,Male,Khaki,1993-05-22T05:38:26Z
108,Dean,Jose,Male,Violet,1971-02-28T13:27:08Z
109,Patterson,Teresa,Female,Orange,1971-05-28T20:07:38Z
110,Black,Rose,Female,Teal,1976-11-20T02:25:10Z
111,Ford,Kathryn,Female,Turquoise,1970-08-24T23:09:31Z
112,Hudson,Michelle,Female,Orange,1975-09-01T04:34:07Z
113,Butler,Norma,Female,Khaki,1979-05-07T16:41:49Z
114,Graham,Louise,Female,Turquoise,1990-10-05T10:26:47Z
115,Mitchell,Carol,Female,Orange,1996-01-18T07:51:49Z
116,Porter,Sandra,Female,Green,1996-05-17T03:29:00Z
117,Howell,Tammy,Female,Red,1982-09-30T03:52:03Z
118,Nichols,Terry,Male,Aquamarine,1988-09-17T01:33:40Z
119,Turner,George,Male,Turquoise,1990-08-02T22:57:58Z
120,Wallace,Catherine,Female,Red,1972-04-16T12:49:56Z
121,Carpenter,Tammy,Female,Orange,1971-06-05T19:49:35Z
122,Garcia,Brandon,Male,Mauv,1977-12-27T19:30:02Z
123,Ortiz,Michael,Male,Indigo,1974-07-27T15:48:34Z
124,Woods,Annie,Female,Crimson,1983-07-31T08:46:04Z
125,Rodriguez,Kathleen,Female,Mauv,1992-12-01T06:50:07Z
126,Hernandez,Ashley,Female,Turquoise,1977-08-26T18:54:53Z
127,Wright,Margaret,Female,Orange,1985-06-16T02:31:22Z
128,Torres,Maria,Female,Violet,1974-01-21T23:13:00Z
129,Oliver,Joseph,Male,Red,1989-08-05T00:19:21Z
130,Ross,Karen,Female,Yellow,1971-11-02T01:51:02Z
131,Murphy,Harry,Male,Fuscia,1993-12-28T07:18:39Z
132,Lane,Roger,Male,Fuscia,1972-09-02T03:08:04Z
133,Rogers,Louise,Female,Khaki,1985-02-06T05:23:53Z
134,Sanchez,Phillip,Male,Teal,1995-03-13T00:10:54Z
135,Sims,Frank,Male,Aquamarine,1994-04-13T08:46:46Z
136,Adams,Charles,Male,Violet,1975-06-30T23:01:17Z
137,Mccoy,Jonathan,Male,Red,1986-10-07T16:22:17Z
138,Fernandez,Justin,Male,Purple,1994-09-14T17:51:41Z
139,Warren,Frances,Female,Yellow,1987-04-28T21:24:02Z
140,Austin,James,Male,Maroon,1995-05-15T02:11:11Z
141,Gordon,Carol,Female,Turquoise,1989-05-17T07:47:50Z
142,Perry,Denise,Female,Yellow,1991-07-20T13:45:12Z
143,Cook,Raymond,Male,Orange,1993-10-02T22:46:51Z
144,Rice,Laura,Female,Crimson,1981-05-14T18:27:32Z
145,Kelly,Robert,Male,Goldenrod,1971-01-31T12:56:23Z
146,Shaw,Douglas,Male,Red,1994-04-02T17:55:02Z
147,Porter,Joseph,Male,Purple,1977-11-28T23:25:28Z
148,Pierce,Theresa,Female,Orange,1977-05-30T05:58:03Z
149,Coleman,Phyllis,Female,Puce,1991-03-26T06:47:46Z
150,Ramos,Kelly,Female,Aquamarine,1996-01-30T06:26:28Z
151,Campbell,Ernest,Male,Goldenrod,1976-05-14T01:49:13Z
152,Arnold,Ashley,Female,Teal,1972-07-29T06:01:43Z
153,Sanders,Brandon,Male,Goldenrod,1990-05-26T13:00:30Z
154,Harvey,Timothy,Male,Mauv,1982-03-04T19:27:52Z
155,Wright,Ann,Female,Pink,1977-09-22T03:49:06Z
156,Green,Joan,Female,Yellow,1985-04-15T06:36:27Z
157,Bowman,Phillip,Male,Violet,1981-11-24T12:41:20Z
158,Lewis,Carol,Female,Yellow,1974-09-30T22:27:23Z
159,Greene,Catherine,Female,Indigo,1979-05-15T03:44:57Z
160,Richardson,Annie,Female,Indigo,1980-11-23T07:00:28Z
161,Davis,James,Male,Turquoise,1994-12-30T18:13:34Z
162,Mason,Annie,Female,Yellow,1984-03-01T22:11:29Z
163,Marshall,Todd,Male,Indigo,1992-02-12T05:12:55Z
164,Rice,Nancy,Female,Puce,1977-05-20T04:36:58Z
165,Ferguson,Kelly,Female,Violet,1990-04-22T20:01:16Z
166,Jenkins,Ernest,Male,Aquamarine,1992-02-26T20:02:38Z
167,Alvarez,Gregory,Male,Goldenrod,1983-02-21T03:55:06Z
168,Wood,Beverly,Female,Blue,1972-09-09T02:27:28Z
169,Bailey,Mildred,Female,Turquoise,1984-02-03T01:09:21Z
170,Kelley,Matthew,Male,Khaki,1982-05-31T07:00:10Z
171,Morris,Virginia,Female,Teal,1980-07-14T15:18:25Z
172,Collins,Ryan,Male,Green,1986-03-15T23:49:25Z
173,Martin,Carl,Male,Orange,1988-09-30T14:35:32Z
174,Ramirez,Arthur,Male,Puce,1975-04-12T20:10:07Z
175,Marshall,Paul,Male,Puce,1971-04-10T11:08:05Z
176,Wright,Cynthia,Female,Aquamarine,1986-05-05T16:46:24Z
177,Warren,Brian,Male,Mauv,1991-03-26T19:33:09Z
178,Martinez,Marie,Female,Violet,1977-11-18T11:39:02Z
179,Gray,Jennifer,Female,Violet,1985-10-01T07:01:16Z
180,Pierce,Diane,Female,Yellow,1976-05-16T09:08:51Z
181,Stevens,Joshua,Male,Mauv,1992-11-30T11:19:06Z
182,Palmer,Jose,Male,Orange,1990-09-04T11:22:05Z
183,Gutierrez,Lori,Female,Khaki,1977-06-23T19:00:07Z
184,Porter,Lori,Female,Red,1975-05-13T04:57:43Z
185,Larson,Eugene,Male,Purple,1990-12-12T14:33:49Z
186,Carpenter,Beverly,Female,Blue,1990-01-05T17:09:24Z
187,Young,Jimmy,Male,Blue,1990-09-17T22:32:04Z
188,Watkins,Ruth,Female,Red,1975-12-28T23:31:41Z
189,Ford,Patricia,Female,Orange,1984-09-21T11:43:03Z
190,Bowman,Thomas,Male,Goldenrod,1993-10-27T05:24:23Z
191,Morgan,Denise,Female,Mauv,1980-04-02T23:45:05Z
192,Henderson,Walter,Male,Violet,1978-12-30T06:08:57Z
193,Willis,Gregory,Male,Blue,1975-12-15T12:21:28Z
194,Hamilton,Wayne,Male,Purple,1974-12-17T21:28:51Z
195,Kennedy,Samuel,Male,Maroon,1995-02-24T04:55:50Z
196,Hudson,Jonathan,Male,Aquamarine,1980-12-29T04:09:57Z
197,Jacobs,Arthur,Male,Red,1985-10-01T21:42:23Z
198,Meyer,Angela,Female,Goldenrod,1970-07-16T11:02:09Z
199,Riley,Fred,Male,Aquamarine,1993-01-25T20:10:52Z
200,Alexander,Julie,Female,Puce,1983-12-20T05:18:26Z
201,Bell,Brian,Male,Pink,1980-04-06T10:56:19Z
202,Carr,Kathy,Female,Teal,1994-06-11T20:37:06Z
203,Perez,Dennis,Male,Teal,1990-09-01T00:32:08Z
204,Shaw,Frances,Female,Violet,1976-01-28T12:21:39Z
205,Hill,Katherine,Female,Purple,1978-08-21T23:13:37Z
206,Andrews,Pamela,Female,Turquoise,1976-12-04T10:01:30Z
207,Wood,Victor,Male,Red,1974-08-05T21:56:17Z
208,Roberts,Elizabeth,Female,Pink,1976-04-04T06:42:42Z
209,Henderson,Karen,Female,Crimson,1990-11-05T15:05:43Z
210,Banks,Keith,Male,Fuscia,1984-12-05T01:51:34Z
211,Burton,Ryan,Male,Crimson,1991-08-11T21:19:14Z
212,Reyes,Jesse,Male,Crimson,1974-01-01T14:53:17Z
213,Griffin,Stephen,Male,Turquoise,1972-02-15T20:27:40Z
214,Cook,Mildred,Female,Turquoise,1988-07-03T10:54:38Z
215,Roberts,Lillian,Female,Blue,1987-03-24T11:05:55Z
216,Gomez,Albert,Male,Orange,1983-08-15T09:59:16Z
217,Gilbert,Phillip,Male,Maroon,1980-08-21T00:50:41Z
218,Evans,Diana,Female,Green,1991-05-30T21:27:03Z
219,Watson,Evelyn,Female,Puce,1991-04-17T22:02:13Z
220,Miller,Charles,Male,Pink,1983-03-04T08:03:53Z
221,Mccoy,Steve,Male,Mauv,1987-03-08T19:57:28Z
222,Diaz,Louis,Male,Blue,1988-12-30T02:13:46Z
223,Mitchell,Dorothy,Female,Turquoise,1981-02-07T21:12:41Z
224,Sanders,Dennis,Male,Pink,1971-09-07T08:22:34Z
225,Palmer,Beverly,Female,Goldenrod,1989-04-22T15:09:19Z
226,Lynch,Louis,Male,Puce,1971-04-26T11:18:06Z
227,Kennedy,Carl,Male,Turquoise,1987-02-18T03:08:54Z
228,Burns,Peter,Male,Red,1992-10-16T08:45:03Z
229,Carpenter,Henry,Male,Crimson,1983-01-31T21:54:52Z
230,Bennett,Mary,Female,Maroon,1970-11-28T09:38:22Z
231,George,Frank,Male,Turquoise,1974-12-09T20:59:30Z
232,George,Antonio,Male,Violet,1985-06-28T08:43:49Z
233,Day,Sharon,Female,Fuscia,1972-06-02T15:34:45Z
234,Mcdonald,Harold,Male,Blue,1973-03-14T21:52:44Z
235,Turner,Bobby,Male,Puce,1989-02-17T23:58:32Z
236,Banks,Jonathan,Male,Purple,1985-02-26T06:52:57Z
237,George,Howard,Male,Goldenrod,1976-10-31T21:41:01Z
238,Murray,Jonathan,Male,Pink,1991-09-04T01:05:42Z
239,Hunter,Harold,Male,Khaki,1993-06-28T00:22:50Z
240,Collins,Maria,Female,Purple,1985-07-18T16:47:41Z
241,Perkins,Scott,Male,Indigo,1992-06-19T09:43:00Z
242,Cunningham,Margaret,Female,Green,1973-01-20T00:42:25Z
243,Lawrence,Pamela,Female,Indigo,1987-02-22T05:43:06Z
244,Fernandez,Andrea,Female,Green,1974-09-21T10:11:17Z
245,Gordon,Ralph,Male,Goldenrod,1989-03-08T11:40:00Z
246,Porter,Peter,Male,Goldenrod,1981-12-17T23:08:15Z
247,White,Cynthia,Female,Fuscia,1996-03-09T20:37:21Z
248,Fisher,Keith,Male,Mauv,1990-03-28T13:25:17Z
249,Taylor,Karen,Female,Pink,1982-01-23T03:32:55Z
250,Elliott,Andrea,Female,Fuscia,1981-01-26T02:38:28Z
251,Owens,Barbara,Female,Teal,1973-01-07T10:20:11Z
252,Pierce,Henry,Male,Green,1974-09-02T10:07:40Z
253,Green,Barbara,Female,Green,1992-09-24T19:55:07Z
254,Owens,Todd,Male,Indigo,1987-05-03T11:25:31Z
255,Morrison,Steve,Male,Goldenrod,1981-05-03T07:32:55Z
256,Wallace,Richard,Male,Maroon,1972-08-24T04:46:41Z
257,Romero,Kathy,Female,Turquoise,1976-12-16T05:23:01Z
258,Fisher,Helen,Female,Mauv,1984-11-08T10:11:50Z
259,Harvey,Stephen,Male,Red,1979-09-07T13:21:08Z
260,Perry,Janet,Female,Mauv,1974-07-01T10:28:26Z
261,Smith,Marie,Female,Orange,1982-10-25T03:57:29Z
262,Reynolds,Nicole,Female,Turquoise,1977-07-13T12:55:29Z
263,Pierce,Harold,Male,Aquamarine,1987-03-31T06:40:22Z
264,Ferguson,Russell,Male,Pink,1972-07-08T03:26:41Z
265,Ryan,Frances,Female,Aquamarine,1991-04-15T04:16:30Z
266,Hicks,Craig,Male,Purple,1979-07-04T12:15:23Z
267,Ruiz,Helen,Female,Puce,1974-08-22T14:43:45Z
268,Medina,Amanda,Female,Aquamarine,1993-02-26T21:02:37Z
269,Ross,Kenneth,Male,Goldenrod,1979-04-08T15:40:27Z
270,Evans,Walter,Male,Aquamarine,1981-04-21T11:15:26Z
271,Hanson,Jennifer,Female,Maroon,1971-12-04T02:11:44Z
272,Wheeler,Phillip,Male,Khaki,1980-07-19T02:08:10Z
273,Fernandez,John,Male,Pink,1985-02-11T23:23:52Z
274,Watson,George,Male,Goldenrod,1983-11-25T04:27:59Z
275,Alexander,Lawrence,Male,Yellow,1973-01-30T12:15:40Z
276,Ross,Steven,Male,Aquamarine,1995-05-11T01:15:58Z
277,Fisher,Jeffrey,Male,Crimson,1985-12-09T23:52:56Z
278,Fields,Robin,Female,Fuscia,1988-04-28T18:50:40Z
279,Jenkins,Karen,Female,Violet,1991-12-24T09:15:13Z
280,Spencer,Adam,Male,Fuscia,1974-11-05T18:00:59Z
281,Thompson,Nicole,Female,Fuscia,1995-09-21T06:39:15Z
282,Arnold,Diana,Female,Goldenrod,1995-09-13T12:30:45Z
283,Bell,Gloria,Female,Yellow,1981-11-11T04:26:22Z
284,Olson,Julie,Female,Indigo,1981-08-26T12:06:30Z
285,Webb,Ronald,Male,Teal,1984-08-01T22:24:22Z
286,Smith,Juan,Male,Violet,1995-08-09T19:20:48Z
287,Green,Carlos,Male,Crimson,1995-06-26T23:04:41Z
288,Butler,David,Male,Maroon,1984-10-15T18:37:28Z
289,Garrett,Doris,Female,Maroon,1993-06-25T03:39:07Z
290,Dean,Benjamin,Male,Crimson,1980-12-26T13:02:24Z
291,Mills,Sean,Male,Pink,1983-10-05T21:17:32Z
292,Stone,Heather,Female,Puce,1976-07-14T16:39:11Z
293,Daniels,Eugene,Male,Red,1970-12-09T08:25:08Z
294,Roberts,Patricia,Female,Violet,1988-11-15T18:17:55Z
295,Bailey,Judith,Female,Indigo,1993-09-08T23:12:48Z
296,Thomas,Stephanie,Female,Crimson,1976-07-22T23:54:45Z
297,Riley,Amy,Female,Turquoise,1988-06-02T05:25:21Z
298,Mcdonald,David,Male,Blue,1988-07-29T02:37:45Z
299,Myers,Kelly,Female,Indigo,1995-09-04T21:28:17Z
300,Pierce,Kenneth,Male,Maroon,1994-11-30T17:28:40Z
301,Wood,Phillip,Male,Orange,1995-01-25T04:38:35Z
302,Lopez,Doris,Female,Aquamarine,1971-03-13T18:35:03Z
303,Brown,Thomas,Male,Red,1986-07-10T08:49:26Z
304,Young,Gerald,Male,Khaki,1971-11-30T13:28:01Z
305,Rice,Eugene,Male,Aquamarine,1985-02-24T12:08:16Z
306,Butler,Louise,Female,Crimson,1995-07-14T06:35:15Z
307,Hill,Philip,Male,Green,1978-11-11T05:34:03Z
308,Ortiz,Johnny,Male,Crimson,1979-10-01T17:34:25Z
309,Alexander,Jason,Male,Teal,1976-11-22T05:35:40Z
310,Stewart,Julia,Female,Orange,1975-02-09T20:52:07Z
311,Hansen,Gary,Male,Purple,1978-07-25T01:59:02Z
312,Cook,Angela,Female,Crimson,1976-03-17T04:01:39Z
313,Taylor,James,Male,Teal,1988-02-27T05:36:28Z
314,Adams,Heather,Female,Mauv,1993-10-01T03:41:36Z
315,Spencer,Bruce,Male,Indigo,1978-08-06T16:31:06Z
316,Armstrong,Jesse,Male,Green,1977-02-22T12:59:30Z
317,Stewart,Doris,Female,Aquamarine,1973-06-17T02:52:39Z
318,Kennedy,Roy,Male,Mauv,1987-06-07T21:06:00Z
319,Castillo,Melissa,Female,Teal,1982-06-28T11:58:55Z
320,Jones,Scott,Male,Mauv,1970-10-15T08:58:18Z
321,Carpenter,Joan,Female,Puce,1975-07-20T21:50:32Z
322,Green,Judy,Female,Green,1979-08-15T11:23:45Z
323,Sims,Elizabeth,Female,Blue,1974-08-04T00:42:11Z
324,Black,Adam,Male,Violet,1991-08-16T20:57:47Z
325,Romero,Mary,Female,Red,1982-10-13T11:28:01Z
326,Perez,Scott,Male,Teal,1993-02-12T16:27:38Z
327,Peters,Amanda,Female,Turquoise,1975-04-21T19:53:55Z
328,Warren,Joan,Female,Orange,1994-11-19T17:12:05Z
329,Bishop,Denise,Female,Crimson,1996-04-08T06:56:45Z
330,Edwards,Harry,Male,Puce,1984-06-14T08:05:43Z
331,Roberts,Teresa,Female,Indigo,1973-11-22T07:09:18Z
332,Torres,Janice,Female,Red,1983-01-09T20:12:07Z
333,Garrett,Kelly,Female,Aquamarine,1988-04-23T15:18:05Z
334,Daniels,Christine,Female,Blue,1971-07-31T00:37:32Z
335,Brooks,Jimmy,Male,Yellow,1992-03-21T04:15:44Z
336,Burns,Sharon,Female,Violet,1986-06-17T01:24:47Z
337,Myers,Beverly,Female,Aquamarine,1982-07-01T00:41:39Z
338,Garcia,Andrew,Male,Fuscia,1972-09-16T17:29:47Z
339,Anderson,Laura,Female,Goldenrod,1984-11-21T20:24:53Z
340,Jordan,Susan,Female,Green,1992-09-20T10:51:44Z
341,Peters,Steven,Male,Khaki,1985-01-29T05:24:09Z
342,Moore,Sean,Male,Violet,1977-03-05T21:10:25Z
343,Bishop,Deborah,Female,Maroon,1974-10-15T15:16:51Z
344,Hansen,Jerry,Male,Blue,1994-06-02T11:14:37Z
345,Hill,Pamela,Female,Yellow,1982-11-08T22:51:03Z
346,Jones,Susan,Female,Fuscia,1992-01-19T04:08:18Z
347,Payne,George,Male,Puce,1986-11-09T15:54:18Z
348,Chavez,Willie,Male,Teal,1995-09-12T14:14:36Z
349,Freeman,Phyllis,Female,Puce,1995-05-08T11:56:47Z
350,Montgomery,Sara,Female,Aquamarine,1981-04-23T20:36:20Z
351,Chavez,Beverly,Female,Red,1986-09-30T08:07:45Z
352,Mason,Raymond,Male,Crimson,1980-05-08T10:42:25Z
353,Burns,Thomas,Male,Fuscia,1981-02-11T23:37:32Z
354,Coleman,Sandra,Female,Turquoise,1980-05-31T07:35:49Z
355,Mills,Deborah,Female,Aquamarine,1974-02-04T23:00:25Z
356,King,Jesse,Male,Teal,1979-07-18T22:45:52Z
357,Fuller,Irene,Female,Crimson,1983-07-26T16:34:24Z
358,Franklin,Antonio,Male,Orange,1994-06-01T05:13:00Z
359,Jacobs,Ruth,Female,Fuscia,1980-03-21T09:53:21Z
360,Young,Eugene,Male,Fuscia,1982-06-07T15:42:24Z
361,Henry,Justin,Male,Puce,1977-02-23T03:21:43Z
362,Wood,Harold,Male,Red,1983-03-23T06:06:28Z
363,Murray,Mary,Female,Fuscia,1986-03-05T06:10:24Z
364,Brown,Anne,Female,Aquamarine,1993-03-25T22:35:47Z
365,Rodriguez,Russell,Male,Pink,1981-12-24T22:09:02Z
366,Hunt,Debra,Female,Crimson,1991-08-25T12:29:26Z
367,Green,Joe,Male,Indigo,1979-08-26T13:24:44Z
368,Garza,Doris,Female,Crimson,1983-08-06T14:48:10Z
369,Martin,Christopher,Male,Goldenrod,1980-04-01T09:54:03Z
370,Rice,Sharon,Female,Blue,1979-07-26T07:14:21Z
371,Butler,Henry,Male,Fuscia,1983-07-20T10:15:31Z
372,Torres,Anthony,Male,Blue,1980-03-11T05:40:19Z
373,Medina,Wanda,Female,Puce,1989-08-19T12:12:43Z
374,Bailey,Sandra,Female,Teal,1979-08-29T12:42:00Z
375,Mitchell,Jeremy,Male,Yellow,1970-08-05T08:37:23Z
376,White,Denise,Female,Goldenrod,1983-10-10T09:33:29Z
377,Little,Carolyn,Female,Goldenrod,1987-05-05T16:55:29Z
378,Garza,Virginia,Female,Green,1988-09-29T09:52:40Z
379,Hudson,Jennifer,Female,Aquamarine,1981-08-24T23:30:15Z
380,Bowman,Frank,Male,Aquamarine,1995-03-02T00:13:40Z
381,Burns,Heather,Female,Goldenrod,1988-06-25T01:50:18Z
382,Morris,Judith,Female,Indigo,1988-09-16T20:42:12Z
383,Greene,Barbara,Female,Crimson,1979-02-03T14:04:28Z
384,Robinson,Alan,Male,Indigo,1973-01-26T03:15:29Z
385,Jones,Jean,Female,Maroon,1992-07-17T22:58:09Z
386,West,Tina,Female,Blue,1995-12-14T02:39:55Z
387,Russell,Sean,Male,Blue,1989-03-12T20:43:24Z
388,Welch,Christopher,Male,Teal,1976-10-13T12:01:57Z
389,Moreno,Emily,Female,Teal,1991-09-11T14:24:23Z
390,Sanders,Christopher,Male,Indigo,1979-04-01T01:17:25Z
391,Murphy,Mary,Female,Maroon,1993-12-03T07:08:50Z
392,Duncan,William,Male,Yellow,1980-03-30T21:36:32Z
393,Porter,Angela,Female,Yellow,1985-10-19T13:14:54Z
394,Lynch,Jessica,Female,Violet,1971-07-07T01:28:05Z
395,Ward,Judith,Female,Maroon,1983-08-26T00:18:37Z
396,Day,Elizabeth,Female,Blue,1981-02-20T04:43:14Z
397,Reed,Theresa,Female,Red,1981-02-08T14:14:59Z
398,Smith,Andrea,Female,Turquoise,1975-09-11T10:37:55Z
399,Patterson,Doris,Female,Pink,1988-10-04T07:37:24Z
400,Meyer,Ryan,Male,Blue,1970-08-17T21:49:56Z
401,Tucker,Alan,Male,Mauv,1984-01-27T12:06:27Z
402,Peterson,Matthew,Male,Aquamarine,1989-06-09T13:02:22Z
403,Morrison,Janice,Female,Violet,1990-01-18T03:20:23Z
404,King,Phillip,Male,Puce,1984-03-01T18:21:32Z
405,Lopez,Joe,Male,Red,1979-04-15T11:19:19Z
406,Ford,Emily,Female,Yellow,1979-01-22T23:25:16Z
407,Wilson,Matthew,Male,Yellow,1973-03-22T01:20:39Z
408,Myers,Christopher,Male,Teal,1973-06-24T18:27:12Z
409,Patterson,Jessica,Female,Violet,1995-03-05T09:46:16Z
410,Hunter,Deborah,Female,Blue,1976-02-21T04:29:45Z
411,Stephens,Theresa,Female,Maroon,1990-06-08T19:19:41Z
412,West,Patrick,Male,Pink,1970-12-02T13:47:29Z
413,Sullivan,Aaron,Male,Goldenrod,1980-11-15T16:50:28Z
414,Hudson,Eugene,Male,Indigo,1993-08-20T12:56:53Z
415,Ellis,Rebecca,Female,Purple,1992-01-12T20:54:18Z
416,Mason,Deborah,Female,Violet,1982-02-01T13:23:53Z
417,Ramos,Jessica,Female,Violet,1992-02-02T08:57:34Z
418,Tucker,Jose,Male,Orange,1978-04-10T12:52:04Z
419,Bailey,Richard,Male,Blue,1995-07-20T14:41:31Z
420,Baker,Philip,Male,Maroon,1978-10-01T07:33:59Z
421,Wells,Marie,Female,Maroon,1989-09-17T05:57:13Z
422,Cooper,Elizabeth,Female,Orange,1982-01-30T13:06:23Z
423,Fields,Mark,Male,Violet,1989-05-09T15:28:29Z
424,Gomez,Jeremy,Male,Indigo,1986-06-01T18:19:33Z
425,Jenkins,Carol,Female,Maroon,1972-04-05T03:32:28Z
426,Olson,Evelyn,Female,Aquamarine,1975-04-18T18:47:51Z
427,Bradley,Andrea,Female,Purple,1991-12-21T22:43:32Z
428,Cox,Sarah,Female,Orange,1984-11-09T19:23:05Z
429,Burke,Aaron,Male,Orange,1988-05-03T09:48:33Z
430,Day,Julie,Female,Fuscia,1988-03-28T13:06:27Z
431,Peters,Irene,Female,Red,1985-08-07T10:18:57Z
432,Palmer,Michelle,Female,Mauv,1989-11-24T18:04:36Z
433,Johnston,Joseph,Male,Orange,1981-04-05T22:40:25Z
434,Day,Jonathan,Male,Maroon,1972-05-27T17:02:01Z
435,Thomas,Lillian,Female,Mauv,1994-11-14T02:45:05Z
436,Gray,Edward,Male,Yellow,1983-10-08T10:29:28Z
437,Riley,Craig,Male,Turquoise,1978-10-20T05:58:38Z
438,Fields,Sharon,Female,Khaki,1975-06-03T00:40:13Z
439,Griffin,Christopher,Male,Purple,1994-12-04T15:49:18Z
440,Oliver,Elizabeth,Female,Goldenrod,1983-09-24T13:24:18Z
441,Carroll,Joshua,Male,Indigo,1982-07-02T01:03:39Z
442,Willis,Julie,Female,Goldenrod,1992-09-22T04:06:36Z
443,Williams,Melissa,Female,Mauv,1975-08-26T12:49:40Z
444,Romero,Scott,Male,Khaki,1978-04-03T03:21:50Z
445,Burns,Stephen,Male,Puce,1993-01-19T07:52:13Z
446,Johnston,Brenda,Female,Fuscia,1986-10-23T06:53:48Z
447,Reid,Douglas,Male,Pink,1989-03-05T00:18:15Z
448,Wallace,Roger,Male,Goldenrod,1988-01-08T04:48:14Z
449,Hall,Clarence,Male,Purple,1987-03-07T12:52:19Z
450,Peters,Marilyn,Female,Blue,1973-04-21T23:53:58Z
451,Green,Tina,Female,Puce,1983-12-08T00:03:50Z
452,Johnston,Amy,Female,Indigo,1981-02-20T09:12:27Z
453,Garza,Eugene,Male,Indigo,1990-11-08T08:28:20Z
454,Gray,Steve,Male,Indigo,1991-08-15T21:37:47Z
455,Morrison,Helen,Female,Goldenrod,1988-10-16T21:47:15Z
456,Ford,Beverly,Female,Violet,1992-08-31T01:08:37Z
457,Miller,Lisa,Female,Orange,1990-06-02T03:12:20Z
458,Mason,Billy,Male,Khaki,1991-10-11T03:24:15Z
459,Hernandez,Joshua,Male,Mauv,1976-07-19T02:49:10Z
460,Anderson,Christopher,Male,Goldenrod,1972-12-03T09:13:20Z
461,Campbell,Sharon,Female,Fuscia,1995-01-09T21:49:54Z
462,Ray,Louis,Male,Orange,1971-02-13T10:06:09Z
463,Carpenter,Billy,Male,Yellow,1979-08-27T05:53:43Z
464,Reynolds,Kevin,Male,Violet,1983-12-18T15:54:13Z
465,Reid,Virginia,Female,Green,1986-05-27T22:24:15Z
466,Lane,Diane,Female,Teal,1972-01-01T07:40:13Z
467,Hansen,Todd,Male,Pink,1982-08-15T06:34:40Z
468,Hunter,Frances,Female,Crimson,1987-08-03T22:49:35Z
469,Williamson,Lisa,Female,Pink,1974-10-08T12:13:55Z
470,Young,Timothy,Male,Violet,1977-08-23T22:40:48Z
471,Warren,Debra,Female,Red,1971-03-24T08:58:02Z
472,Knight,Christopher,Male,Teal,1980-09-02T03:10:36Z
473,Ray,Jimmy,Male,Teal,1985-11-22T06:51:39Z
474,Perkins,Shirley,Female,Turquoise,1996-02-28T15:25:01Z
475,Stewart,Jimmy,Male,Aquamarine,1987-03-14T09:19:52Z
476,Sims,Cynthia,Female,Violet,1984-05-17T16:29:28Z
477,Little,Denise,Female,Mauv,1975-03-04T01:21:39Z
478,Gordon,Julia,Female,Yellow,1984-05-22T01:44:22Z
479,Franklin,Billy,Male,Blue,1974-04-12T02:49:51Z
480,Dunn,Joan,Female,Khaki,1985-12-25T03:13:32Z
481,Spencer,Johnny,Male,Khaki,1993-10-11T07:21:41Z
482,Fowler,Doris,Female,Red,1981-04-30T19:09:33Z
483,Garcia,Linda,Female,Violet,1971-10-24T04:00:58Z
484,Perez,Linda,Female,Aquamarine,1987-03-28T09:24:05Z
485,Richards,Louis,Male,Khaki,1984-06-26T16:33:14Z
486,Peters,Fred,Male,Khaki,1990-09-22T04:29:51Z
487,Harrison,Richard,Male,Purple,1979-05-01T04:34:03Z
488,Owens,Frances,Female,Indigo,1973-11-13T22:54:55Z
489,Owens,Wanda,Female,Blue,1972-06-28T13:20:17Z
490,Arnold,Frances,Female,Fuscia,1977-12-31T22:07:36Z
491,Brooks,Dorothy,Female,Goldenrod,1988-10-14T09:53:04Z
492,Hall,Keith,Male,Crimson,1995-03-17T03:57:39Z
493,Harrison,Eugene,Male,Purple,1976-08-20T04:55:25Z
494,Allen,Justin,Male,Red,1991-03-05T00:53:40Z
495,George,Christina,Female,Turquoise,1978-11-19T07:56:13Z
496,Reynolds,Andrew,Male,Khaki,1993-10-05T05:06:38Z
497,Mccoy,Julie,Female,Fuscia,1990-02-27T00:52:46Z
498,Daniels,Sarah,Female,Teal,1973-03-02T18:44:50Z
499,Shaw,Michelle,Female,Violet,1987-12-29T17:03:34Z
500,Ramos,Mildred,Female,Violet,1992-05-28T10:09:06Z